trip_id,style,field,truth,got,verdict
t03,chatter,days,3,3,correct
t03,chatter,dates,2026-12-19,2026-12-19,correct
t03,chatter,companions,friends,friends,correct
t03,chatter,people,4,,missing
t03,chatter,mobility,car,car,correct
t03,chatter,base,,,ok_unknown
t03,chatter,purpose,relax,relax,correct
t03,chatter,pace,slow,slow,correct
t03,chatter,crowd_tolerance,fine,ok_if_worth,wrong
t03,chatter,novelty,,,ok_unknown
t03,chatter,budget_vnd,,,ok_unknown
t03,chatter,love:cloud_hunting=present,1,1,correct
t03,chatter,love:sunset_view=present,1,1,correct
t03,chatter,anchor:0x3171130407d39e99:0xcb4cb0a9499c9ffd,must,,missing
t04,chatter,days,3,3,correct
t04,chatter,dates,2026-12-24,2026-12-24,correct
t04,chatter,companions,solo,solo,correct
t04,chatter,people,1,,missing
t04,chatter,mobility,ride,ride,correct
t04,chatter,base,present,,missing
t04,chatter,purpose,relax,relax,correct
t04,chatter,pace,slow,slow,correct
t04,chatter,crowd_tolerance,,,ok_unknown
t04,chatter,novelty,,,ok_unknown
t04,chatter,budget_vnd,400000,,missing
t04,chatter,love:local_specialty_food=present,1,1,correct
t04,chatter,love:photo_spot=present,1,1,correct
t04,chatter,love:scenic_view=present,1,1,correct
t04,chatter,anchor:0x3171133f6fdcf9c9:0xbc754e42612a3d0b,must,,missing
t05,chatter,days,4,4,correct
t05,chatter,dates,month:2,month:2,correct
t05,chatter,companions,kids,kids,correct
t05,chatter,people,3,,missing
t05,chatter,mobility,car,car,correct
t05,chatter,base,,,ok_unknown
t05,chatter,purpose,nature,nature,correct
t05,chatter,pace,slow,slow,correct
t05,chatter,crowd_tolerance,avoid,avoid,correct
t05,chatter,novelty,,,ok_unknown
t05,chatter,budget_vnd,,,ok_unknown
t05,chatter,love:local_specialty_food=present,1,1,correct
t05,chatter,love:sunset_view=present,1,,missing
t05,chatter,extra:nature=present,,1,inferred
t05,chatter,hard:long_walk,present,,missing
t05,chatter,anchor:0x3171136c29ed6a8b:0xcd7b2423629f4187,must,,missing
t07,chatter,days,4,4,correct
t07,chatter,dates,2026-12-29,2026-12-29,correct
t07,chatter,companions,partner,partner,correct
t07,chatter,people,2,,missing
t07,chatter,mobility,motorbike,motorbike,correct
t07,chatter,base,,,ok_unknown
t07,chatter,purpose,nature,explore,wrong
t07,chatter,pace,packed,packed,correct
t07,chatter,crowd_tolerance,,,ok_unknown
t07,chatter,novelty,new,new,correct
t07,chatter,budget_vnd,700000,,missing
t07,chatter,love:live_music=present,1,1,correct
t07,chatter,extra:nature=present,,1,invented
t07,chatter,extra:scenic_view=present,,1,invented
t08,chatter,days,2,2,correct
t08,chatter,dates,2027-02-17,2027-02-17,correct
t08,chatter,companions,solo,solo,correct
t08,chatter,people,1,,missing
t08,chatter,mobility,ride,ride,correct
t08,chatter,base,,,ok_unknown
t08,chatter,purpose,explore,explore,correct
t08,chatter,pace,,,ok_unknown
t08,chatter,crowd_tolerance,avoid,avoid,correct
t08,chatter,novelty,,,ok_unknown
t08,chatter,budget_vnd,1500000,1500000,correct
t08,chatter,love:pick_your_own=present,1,1,correct
t08,chatter,avoid:animals=present,-1,,missing
t08,chatter,avoid:crowd=high,-1,,missing
t09,chatter,days,2,2,correct
t09,chatter,dates,2027-02-08,2027-02-08,correct
t09,chatter,companions,solo,solo,correct
t09,chatter,people,1,,missing
t09,chatter,mobility,ride,ride,correct
t09,chatter,base,,,ok_unknown
t09,chatter,purpose,,,ok_unknown
t09,chatter,pace,packed,,missing
t09,chatter,crowd_tolerance,fine,,missing
t09,chatter,novelty,,,ok_unknown
t09,chatter,budget_vnd,400000,,missing
t09,chatter,love:adventure_activity=present,1,1,correct
t09,chatter,love:cloud_hunting=present,1,1,correct
t09,chatter,love:scenic_view=present,1,1,correct
t15,chatter,days,2,2,correct
t15,chatter,dates,2027-02-21,2027-02-21,correct
t15,chatter,companions,partner,partner,correct
t15,chatter,people,2,,missing
t15,chatter,mobility,motorbike,motorbike,correct
t15,chatter,base,present,,missing
t15,chatter,purpose,photo,photo,correct
t15,chatter,pace,slow,slow,correct
t15,chatter,crowd_tolerance,,,ok_unknown
t15,chatter,novelty,,,ok_unknown
t15,chatter,budget_vnd,200000,200000,correct
t15,chatter,love:animals=present,1,,missing
t15,chatter,love:hiking=present,1,,missing
t15,chatter,extra:photo_spot=present,,1,inferred
t16,brief,days,7,7,correct
t16,brief,dates,month:12,month:12,correct
t16,brief,companions,partner,partner,correct
t16,brief,people,2,,missing
t16,brief,mobility,car,car,correct
t16,brief,base,present,present,correct
t16,brief,purpose,photo,photo,correct
t16,brief,pace,,,ok_unknown
t16,brief,crowd_tolerance,ok_if_worth,ok_if_worth,correct
t16,brief,novelty,mix,mix,correct
t16,brief,budget_vnd,1200000,1200000,correct
t16,brief,love:photo_spot=present,1,1,correct
t16,brief,extra:scenic_view=present,,1,invented
t18,chatter,days,4,4,correct
t18,chatter,dates,month:11,month:11,correct
t18,chatter,companions,kids,kids,correct
t18,chatter,people,4,,missing
t18,chatter,mobility,car,car,correct
t18,chatter,base,,,ok_unknown
t18,chatter,purpose,nature,nature,correct
t18,chatter,pace,slow,slow,correct
t18,chatter,crowd_tolerance,ok_if_worth,ok_if_worth,correct
t18,chatter,novelty,,,ok_unknown
t18,chatter,budget_vnd,,,ok_unknown
t18,chatter,love:cozy_decor=present,1,,missing
t18,chatter,avoid:live_music=present,-1,,missing
t18,chatter,extra:nature=present,,1,invented
t18,chatter,hard:long_walk,present,,missing
t18,chatter,anchor:0x3171137566a60fbf:0x2080599338711a0e,want,,missing
t19,chatter,days,6,6,correct
t19,chatter,dates,month:2,month:2,correct
t19,chatter,companions,friends,friends,correct
t19,chatter,people,5,,missing
t19,chatter,mobility,motorbike,motorbike,correct
t19,chatter,base,,,ok_unknown
t19,chatter,purpose,adventure,food_culture,wrong
t19,chatter,pace,slow,slow,correct
t19,chatter,crowd_tolerance,ok_if_worth,ok_if_worth,correct
t19,chatter,novelty,new,new,correct
t19,chatter,budget_vnd,200000,200000,correct
t19,chatter,love:animals=present,1,1,correct
t19,chatter,love:heritage_architecture=present,1,1,correct
t19,chatter,love:local_specialty_food=present,1,1,correct
t19,brief,days,6,6,correct
t19,brief,dates,month:2,month:2,correct
t19,brief,companions,friends,friends,correct
t19,brief,people,5,5,correct
t19,brief,mobility,motorbike,motorbike,correct
t19,brief,base,,,ok_unknown
t19,brief,purpose,adventure,adventure,correct
t19,brief,pace,slow,slow,correct
t19,brief,crowd_tolerance,ok_if_worth,ok_if_worth,correct
t19,brief,novelty,new,new,correct
t19,brief,budget_vnd,200000,200000,correct
t19,brief,love:animals=present,1,1,correct
t19,brief,love:heritage_architecture=present,1,1,correct
t19,brief,love:local_specialty_food=present,1,1,correct
t24,chatter,days,3,3,correct
t24,chatter,dates,2026-12-21,2026-12-21,correct
t24,chatter,companions,friends,friends,correct
t24,chatter,people,6,,missing
t24,chatter,mobility,car,car,correct
t24,chatter,base,,,ok_unknown
t24,chatter,purpose,photo,photo,correct
t24,chatter,pace,normal,normal,correct
t24,chatter,crowd_tolerance,avoid,avoid,correct
t24,chatter,novelty,,,ok_unknown
t24,chatter,budget_vnd,250000,250000,correct
t24,chatter,love:sunset_view=present,1,,missing
t24,chatter,extra:photo_spot=present,,1,invented
t24,brief,days,3,3,correct
t24,brief,dates,2026-12-21,2026-12-21,correct
t24,brief,companions,friends,friends,correct
t24,brief,people,6,6,correct
t24,brief,mobility,car,car,correct
t24,brief,base,,,ok_unknown
t24,brief,purpose,photo,photo,correct
t24,brief,pace,normal,slow,wrong
t24,brief,crowd_tolerance,avoid,avoid,correct
t24,brief,novelty,,,ok_unknown
t24,brief,budget_vnd,250000,250000,correct
t24,brief,love:sunset_view=present,1,1,correct
t24,brief,extra:crowd=low,,1,invented
t24,brief,extra:noise=quiet,,1,invented
t24,brief,extra:photo_spot=present,,1,invented
t24,brief,extra:scenic_view=present,,1,inferred
t25,chatter,days,2,2,correct
t25,chatter,dates,month:12,month:12,correct
t25,chatter,companions,partner,partner,correct
t25,chatter,people,2,,missing
t25,chatter,mobility,motorbike,motorbike,correct
t25,chatter,base,present,,missing
t25,chatter,purpose,adventure,adventure,correct
t25,chatter,pace,normal,normal,correct
t25,chatter,crowd_tolerance,,,ok_unknown
t25,chatter,novelty,new,,missing
t25,chatter,budget_vnd,200000,,missing
t25,chatter,love:cloud_hunting=present,1,1,correct
t25,chatter,love:nature=present,1,1,correct
t25,chatter,love:pick_your_own=present,1,,missing
t25,chatter,anchor:0x31711373c4968e8f:0xfdc2eb7a93c2fb71,must,,missing
t25,brief,days,2,2,correct
t25,brief,dates,month:12,month:12,correct
t25,brief,companions,partner,partner,correct
t25,brief,people,2,,missing
t25,brief,mobility,motorbike,motorbike,correct
t25,brief,base,present,,missing
t25,brief,purpose,adventure,explore,wrong
t25,brief,pace,normal,normal,correct
t25,brief,crowd_tolerance,,,ok_unknown
t25,brief,novelty,new,new,correct
t25,brief,budget_vnd,200000,200000,correct
t25,brief,love:cloud_hunting=present,1,1,correct
t25,brief,love:nature=present,1,1,correct
t25,brief,love:pick_your_own=present,1,1,correct
t25,brief,anchor:0x31711373c4968e8f:0xfdc2eb7a93c2fb71,must,must,correct
t26,brief,days,3,3,correct
t26,brief,dates,month:12,month:12,correct
t26,brief,companions,kids,kids,correct
t26,brief,people,4,4,correct
t26,brief,mobility,car,car,correct
t26,brief,base,,,ok_unknown
t26,brief,purpose,relax,relax,correct
t26,brief,pace,slow,slow,correct
t26,brief,crowd_tolerance,ok_if_worth,,missing
t26,brief,novelty,,,ok_unknown
t26,brief,budget_vnd,1500000,1500000,correct
t26,brief,love:cloud_hunting=present,1,1,correct
t26,brief,love:local_specialty_food=present,1,1,correct
t26,brief,love:nature=present,1,1,correct
t26,brief,avoid:animals=present,-1,,missing
t26,brief,hard:long_walk,present,,missing
t27,chatter,days,3,3,correct
t27,chatter,dates,2026-12-16,2026-12-16,correct
t27,chatter,companions,kids,kids,correct
t27,chatter,people,3,,missing
t27,chatter,mobility,car,car,correct
t27,chatter,base,,,ok_unknown
t27,chatter,purpose,food_culture,food_culture,correct
t27,chatter,pace,,,ok_unknown
t27,chatter,crowd_tolerance,fine,,missing
t27,chatter,novelty,,,ok_unknown
t27,chatter,budget_vnd,,,ok_unknown
t27,chatter,love:cloud_hunting=present,1,,missing
t27,chatter,love:long_stay_chill=present,1,,missing
t27,chatter,love:nature=present,1,,missing
t27,chatter,hard:long_walk,present,,missing
t27,chatter,anchor:0x3171130407d39e99:0xcb4cb0a9499c9ffd,must,,missing
t29,chatter,days,3,3,correct
t29,chatter,dates,2026-12-28,2026-12-28,correct
t29,chatter,companions,friends,friends,correct
t29,chatter,people,3,,missing
t29,chatter,mobility,ride,ride,correct
t29,chatter,base,present,,missing
t29,chatter,purpose,photo,photo,correct
t29,chatter,pace,normal,normal,correct
t29,chatter,crowd_tolerance,fine,,missing
t29,chatter,novelty,mix,mix,correct
t29,chatter,budget_vnd,1200000,1200000,correct
t29,chatter,love:pick_your_own=present,1,1,correct
t29,chatter,love:tasting_available=present,1,,missing
t29,chatter,avoid:animals=present,-1,,missing
t29,chatter,avoid:camping=present,-1,,missing
t29,chatter,extra:food_quality=good,,1,invented
t29,chatter,extra:photo_spot=present,,1,inferred
t30,chatter,days,6,6,correct
t30,chatter,dates,month:2,month:2,correct
t30,chatter,companions,partner,partner,correct
t30,chatter,people,2,,missing
t30,chatter,mobility,car,car,correct
t30,chatter,base,present,,missing
t30,chatter,purpose,adventure,explore,wrong
t30,chatter,pace,slow,slow,correct
t30,chatter,crowd_tolerance,ok_if_worth,,missing
t30,chatter,novelty,new,new,correct
t30,chatter,budget_vnd,250000,,missing
t30,chatter,love:local_specialty_food=present,1,1,correct
t30,chatter,avoid:crowd=high,-1,,missing
t30,chatter,avoid:hiking=present,-1,,missing
t31,chatter,days,3,3,correct
t31,chatter,dates,month:6,month:6,correct
t31,chatter,companions,parents,parents,correct
t31,chatter,people,4,,missing
t31,chatter,mobility,ride,ride,correct
t31,chatter,base,,,ok_unknown
t31,chatter,purpose,photo,photo,correct
t31,chatter,pace,slow,slow,correct
t31,chatter,crowd_tolerance,ok_if_worth,ok_if_worth,correct
t31,chatter,novelty,mix,familiar,wrong
t31,chatter,budget_vnd,,,ok_unknown
t31,chatter,love:animals=present,1,,missing
t31,chatter,love:cozy_decor=present,1,,missing
t31,chatter,extra:photo_spot=present,,1,inferred
t31,chatter,hard:steep_or_stairs,present,,missing
t31,chatter,hard:long_walk,present,,missing
t31,chatter,hard_extra:long_walk,,long_walk eq present,invented
t31,chatter,hard_extra:steep_or_stairs,,steep_or_stairs eq present,invented
t33,chatter,days,4,4,correct
t33,chatter,dates,2026-12-28,2026-12-28,correct
t33,chatter,companions,solo,solo,correct
t33,chatter,people,1,,missing
t33,chatter,mobility,car,car,correct
t33,chatter,base,present,,missing
t33,chatter,purpose,adventure,adventure,correct
t33,chatter,pace,,,ok_unknown
t33,chatter,crowd_tolerance,,,ok_unknown
t33,chatter,novelty,,new,invented
t33,chatter,budget_vnd,2000000,,missing
t33,chatter,love:hiking=present,1,1,correct
t33,chatter,anchor:0x3171136c29ed6a8b:0xcd7b2423629f4187,want,must,wrong
t33,brief,days,4,4,correct
t33,brief,dates,2026-12-28,2026-12-28,correct
t33,brief,companions,solo,solo,correct
t33,brief,people,1,,missing
t33,brief,mobility,car,car,correct
t33,brief,base,present,,missing
t33,brief,purpose,adventure,adventure,correct
t33,brief,pace,,,ok_unknown
t33,brief,crowd_tolerance,,,ok_unknown
t33,brief,novelty,,,ok_unknown
t33,brief,budget_vnd,2000000,2000000,correct
t33,brief,love:hiking=present,1,1,correct
t33,brief,anchor:0x3171136c29ed6a8b:0xcd7b2423629f4187,want,must,wrong
t36,chatter,days,3,3,correct
t36,chatter,dates,month:2,month:2,correct
t36,chatter,companions,solo,solo,correct
t36,chatter,people,1,,missing
t36,chatter,mobility,car,car,correct
t36,chatter,base,present,,missing
t36,chatter,purpose,relax,relax,correct
t36,chatter,pace,slow,slow,correct
t36,chatter,crowd_tolerance,ok_if_worth,ok_if_worth,correct
t36,chatter,novelty,new,new,correct
t36,chatter,budget_vnd,300000,,missing
t36,chatter,love:scenic_view=present,1,1,correct
t36,chatter,avoid:crowd=high,-1,,missing
t36,chatter,hard:steep_or_stairs,present,,missing
t36,chatter,hard:long_walk,present,,missing
t36,chatter,anchor:0x317113f1f2c29ab7:0xd3e41202969dade4,must,,missing
