trip_id,style,tier,status,turns_to_suggestion,cards_asked,typed_turns,fields_correct,fields_wrong,fields_missing,fields_invented,fields_inferred,fields_unreachable,unsure_skip_rate,corrections,safety_missed,safety_unreachable,hard_violations,unknown_hours_share,warnings,reached_plan,agent_fallbacks,model_calls,unmapped_chips,dropped_to_fit,robustness,ms_total,asked,typed_ms,error
t01,tapper,offline,ok,5,5,0,4,0,5,0,1,4,0.0,0,0,0,0,0.167,9,1,0,0,0,0,fragile,10605,frame c_effort policy:steep_or_stairs dates ready,,
t01,baseline,offline,ok,14,14,0,12,0,0,0,0,0,0.0,0,0,0,0,0.167,0,0,0,0,0,0,,1038,,,plan not ok: no_valid_variant
t01,brief,offline,ok,5,4,1,8,0,5,0,1,0,0.25,0,0,0,0,0.333,9,1,1,0,1,0,fragile,7647,c_effort policy:steep_or_stairs clarify:ăn uống ready,272,
t02,tapper,offline,ok,6,6,0,6,0,2,0,1,6,0.167,0,0,2,7,0.333,11,1,0,0,0,0,fragile,11659,frame dates vibe purpose crowd ready,,
t02,baseline,offline,ok,14,14,0,14,0,0,0,0,0,0.0,0,0,0,0,0.143,6,1,0,0,0,0,feasible,3565,,,
t02,brief,offline,ok,7,6,1,5,2,7,0,0,0,0.333,0,2,0,4,0.333,10,1,1,0,1,0,fragile,8602,c_other dates clarify:ăn uống purpose show_first ready,1884,
t03,tapper,offline,ok,6,6,0,8,0,0,0,3,3,0.0,0,0,0,0,0.167,0,0,0,0,0,0,,6670,frame dates vibe purpose crowd ready,,plan not ok: no_valid_variant
t03,baseline,offline,ok,14,14,0,10,0,0,0,0,0,0.0,0,0,0,0,0.429,0,0,0,0,0,0,,1468,,,plan not ok: no_valid_variant
t03,brief,offline,ok,5,4,1,10,0,1,0,2,0,0.25,0,0,0,0,0.167,0,0,1,0,1,0,,5079,clarify:thư giãn crowd purpose ready,266,plan not ok: no_valid_variant
t04,tapper,offline,ok,5,5,0,6,0,4,0,2,3,0.2,0,0,0,0,0.167,10,1,0,0,0,0,fragile,6702,frame dates purpose crowd ready,,
t04,baseline,offline,ok,14,14,0,12,0,0,0,0,0,0.0,0,0,0,0,0.571,18,1,0,0,0,0,fragile,1629,,,
t04,brief,offline,ok,7,6,1,10,0,3,0,2,0,0.5,0,0,0,0,0.167,9,1,1,0,3,0,fragile,9054,clarify:thư giãn clarify:chill show_first clarify:ăn uống purpose ready,287,
t05,tapper,offline,ok,5,5,0,4,0,4,0,1,4,0.0,0,0,0,0,0.0,8,1,0,0,0,0,feasible,16505,frame c_effort policy:long_walk dates ready,,
t05,baseline,offline,ok,14,14,0,11,0,0,0,0,0,0.0,0,0,0,0,0.375,17,1,0,0,0,1,fragile,1888,,,
t05,brief,offline,ok,5,4,1,9,0,3,0,2,0,0.25,0,0,0,0,0.25,12,1,1,0,1,0,fragile,16536,c_effort policy:long_walk clarify:chill ready,3555,
t06,tapper,offline,ok,6,6,0,7,0,2,0,4,2,0.0,0,0,0,0,0.333,13,1,0,0,0,0,fragile,10084,frame dates vibe purpose crowd ready,,
t06,baseline,offline,ok,14,14,0,10,0,0,0,0,0,0.0,0,0,0,0,0.0,10,1,0,0,0,2,fragile,2422,,,
t06,brief,offline,ok,8,7,1,8,0,3,0,4,0,0.286,0,0,0,0,0.333,0,0,1,0,2,0,,12604,dates clarify:chill clarify:ăn uống show_first purpose crowd ready,299,plan not ok: no_valid_variant
t07,tapper,offline,ok,6,6,0,6,0,3,0,3,1,0.167,0,0,0,0,0.375,15,1,0,0,0,0,fragile,19023,frame dates vibe purpose crowd ready,,
t07,baseline,offline,ok,14,14,0,9,0,0,0,0,0,0.0,0,0,0,0,0.25,11,1,0,0,0,0,fragile,8618,,,
t07,brief,offline,ok,7,6,1,7,0,3,0,2,0,0.5,0,0,0,0,0.375,13,1,1,0,2,0,fragile,16851,clarify:chill clarify:ăn uống show_first purpose crowd ready,253,
t08,tapper,offline,ok,6,6,0,7,0,1,0,2,3,0.0,0,0,0,0,0.25,7,1,0,0,0,0,feasible,7084,frame dates purpose vibe crowd ready,,
t08,baseline,offline,ok,14,14,0,10,0,0,0,0,0,0.0,0,0,0,0,0.25,5,1,0,0,0,0,feasible,876,,,
t08,brief,offline,ok,5,4,1,7,0,4,0,3,0,0.25,0,0,0,0,0.25,7,1,1,0,1,0,fragile,7272,clarify:ăn uống purpose crowd ready,995,
t09,tapper,offline,ok,6,6,0,7,0,2,0,0,2,0.167,0,0,0,0,0.5,13,1,0,0,0,0,fragile,8549,frame dates purpose vibe crowd ready,,
t09,baseline,offline,ok,14,14,0,11,0,0,0,0,0,0.0,0,0,0,0,0.25,11,1,0,0,0,0,fragile,1477,,,
t09,brief,offline,ok,6,5,1,7,0,4,0,0,0,0.4,0,0,0,0,0.25,10,1,1,0,1,0,fragile,7867,c_other clarify:ăn uống purpose show_first ready,424,
t10,tapper,offline,ok,6,6,0,5,0,2,0,2,4,0.167,0,0,1,0,0.333,11,1,0,0,0,0,fragile,10673,frame dates vibe purpose crowd ready,,
t10,baseline,offline,ok,14,14,0,11,0,0,0,0,0,0.0,0,0,0,0,0.0,9,1,0,0,0,0,fragile,2163,,,
t10,brief,offline,ok,9,8,1,6,0,5,0,1,0,0.375,0,0,0,0,0.0,9,1,1,0,2,1,fragile,15088,c_other dates clarify:chill clarify:ăn uống show_first crowd purpose ready,1821,
t11,tapper,offline,ok,6,6,0,5,0,2,0,1,4,0.167,0,0,0,0,0.333,10,1,0,0,0,0,fragile,19341,frame dates vibe purpose crowd ready,,
t11,baseline,offline,ok,14,14,0,11,0,0,0,0,0,0.0,0,0,0,0,0.2,0,0,0,0,0,1,,2153,,,plan not ok: no_valid_variant
t11,brief,offline,ok,6,5,1,7,0,4,0,0,0,0.4,0,0,0,0,0.2,9,1,1,0,1,1,fragile,19350,dates clarify:ăn uống purpose show_first ready,674,
t12,tapper,offline,ok,6,6,0,5,0,1,0,4,4,0.167,0,0,0,0,0.5,12,1,0,0,0,0,fragile,20564,frame dates vibe purpose crowd ready,,
t12,baseline,offline,ok,14,14,0,9,0,0,0,0,0,0.0,0,0,0,0,0.25,11,1,0,0,0,0,fragile,566,,,
t12,brief,offline,ok,5,4,1,5,2,3,0,4,0,0.0,0,0,0,0,0.0,7,1,1,0,0,0,fragile,11056,dates purpose crowd ready,1272,
t13,tapper,offline,ok,7,7,0,6,0,2,0,3,1,0.0,0,0,0,0,1.0,6,1,0,0,0,1,fragile,7685,frame days dates vibe purpose crowd ready,,
t13,baseline,offline,ok,14,14,0,8,0,0,0,0,0,0.0,0,0,0,0,0.0,5,1,0,0,0,1,solid,1471,,,
t13,brief,offline,ok,8,7,1,6,0,3,0,2,0,0.286,0,0,0,0,,4,1,1,0,2,2,solid,13676,dates clarify:chill clarify:ăn uống show_first purpose crowd ready,271,
t14,tapper,offline,ok,6,6,0,7,0,1,0,0,7,0.167,0,0,2,2,0.5,5,1,0,0,0,2,solid,9408,frame dates purpose vibe crowd ready,,
t14,baseline,offline,ok,14,14,0,15,0,0,0,0,0,0.0,0,0,0,0,0.25,5,1,0,0,0,1,fragile,1710,,,
t14,brief,offline,ok,8,7,1,7,0,8,0,0,0,0.286,0,0,0,0,0.5,7,1,1,0,2,0,fragile,8377,c_effort policy:steep_or_stairs policy:long_walk clarify:chill clarify:Ẩm thực show_first ready,312,
t15,tapper,offline,ok,6,6,0,7,0,2,0,3,2,0.167,0,0,0,0,0.25,9,1,0,0,0,0,fragile,13203,frame dates vibe purpose crowd ready,,
t15,baseline,offline,ok,14,14,0,10,0,0,0,0,0,0.0,0,0,0,0,0.5,7,1,0,0,0,2,fragile,739,,,
t15,brief,offline,ok,7,6,1,7,0,4,0,2,0,0.5,0,0,0,0,0.25,0,0,1,0,2,0,,8730,clarify:chill clarify:ăn uống show_first purpose crowd ready,989,plan not ok: no_valid_variant
t16,tapper,offline,ok,7,7,0,5,0,2,0,2,4,0.143,0,0,0,0,0.5,10,1,0,0,0,0,fragile,15905,frame days dates vibe purpose crowd ready,,
t16,baseline,offline,ok,14,14,0,10,0,0,0,0,0,0.0,0,0,0,0,0.214,14,1,0,0,0,0,fragile,18991,,,
t16,brief,offline,ok,5,4,1,8,1,2,0,1,0,0.25,0,0,0,0,0.214,19,1,1,0,1,0,fragile,65844,clarify:ăn uống purpose crowd ready,1463,
t17,tapper,offline,ok,7,7,0,7,0,2,0,3,1,0.0,0,0,0,0,0.0,6,1,0,0,0,0,fragile,6128,frame c_effort dates vibe purpose crowd ready,,
t17,baseline,offline,ok,14,14,0,9,0,0,0,0,0,0.0,0,0,0,0,0.25,7,1,0,0,0,0,fragile,1552,,,
t17,brief,offline,ok,9,8,1,8,0,2,0,3,0,0.25,0,0,0,0,0.0,5,1,1,0,2,0,fragile,9987,companions c_effort clarify:thư giãn clarify:chill show_first purpose crowd ready,2153,
t18,tapper,offline,ok,5,5,0,4,0,3,0,1,5,0.0,0,0,0,0,0.0,8,1,0,0,0,0,feasible,11884,frame c_effort policy:long_walk dates ready,,
t18,baseline,offline,ok,14,14,0,11,0,0,0,0,0,0.0,0,0,0,0,0.222,8,1,0,0,0,0,fragile,1837,,,
t18,brief,offline,ok,5,4,1,7,1,4,0,2,0,0.0,0,0,0,0,0.125,8,1,1,0,0,0,fragile,17868,c_effort c_other policy:long_walk ready,2131,
t19,tapper,offline,ok,6,6,0,6,0,4,0,3,3,0.167,0,0,0,0,0.5,10,1,0,0,0,0,fragile,5814,frame days dates vibe purpose ready,,
t19,baseline,offline,ok,14,14,0,12,0,0,0,0,0,0.0,0,0,0,0,0.083,0,0,0,0,0,0,,7241,,,plan not ok: no_valid_variant
t19,brief,offline,ok,7,6,1,10,0,3,0,3,0,0.333,0,0,0,0,0.25,0,0,1,0,1,0,,11950,days companions clarify:ăn uống purpose crowd ready,1759,plan not ok: no_valid_variant
t20,tapper,offline,ok,6,6,0,9,0,2,0,3,4,0.0,0,0,2,4,0.125,9,1,0,0,0,0,fragile,14924,frame dates vibe purpose crowd ready,,
t20,baseline,offline,ok,14,14,0,14,0,0,0,0,0,0.0,0,0,0,0,0.5,17,1,0,0,0,0,fragile,1838,,,
t20,brief,offline,ok,8,7,1,8,1,6,0,3,0,0.429,0,2,0,7,0.25,0,0,1,0,3,0,,13752,companions clarify:thư giãn clarify:chill show_first clarify:ăn uống purpose ready,198,plan not ok: no_valid_variant
t21,tapper,offline,ok,5,5,0,5,0,5,0,1,4,0.0,0,0,1,0,0.167,6,1,0,0,0,0,fragile,6817,frame c_effort policy:steep_or_stairs dates ready,,
t21,baseline,offline,ok,14,14,0,13,0,0,0,0,0,0.0,0,0,0,0,0.167,7,1,0,0,0,0,fragile,1024,,,
t21,brief,offline,ok,6,5,1,11,0,3,0,0,0,0.2,0,0,0,0,0.167,7,1,1,0,1,0,fragile,8669,c_effort c_other policy:steep_or_stairs clarify:ăn uống ready,1461,
t22,tapper,offline,ok,7,7,0,6,0,2,0,5,4,0.143,0,0,0,0,0.0,4,1,0,0,0,0,fragile,12024,frame c_effort dates vibe purpose crowd ready,,
t22,baseline,offline,ok,14,14,0,11,0,0,0,0,0,0.0,0,0,0,0,0.333,9,1,0,0,0,0,fragile,1038,,,
t22,brief,offline,ok,9,8,1,6,2,4,0,4,0,0.375,0,0,0,0,0.167,8,1,1,0,3,0,fragile,11933,companions c_effort clarify:văn hóa clarify:ăn uống show_first clarify:ẩm thực purpose ready,670,
t23,tapper,offline,ok,5,5,0,4,0,4,0,1,3,0.0,0,0,0,0,0.125,9,1,0,0,0,0,feasible,15481,frame c_effort policy:long_walk dates ready,,
t23,baseline,offline,ok,14,14,0,10,0,0,0,0,0,0.0,0,0,0,0,0.0,8,1,0,0,0,0,fragile,2472,,,
t23,brief,offline,ok,6,5,1,8,0,3,0,0,0,0.2,0,0,0,0,0.125,8,1,1,0,1,0,fragile,13445,c_effort policy:long_walk clarify:ăn uống purpose ready,183,
t24,tapper,offline,ok,6,6,0,6,0,2,0,4,2,0.167,0,0,0,0,0.5,10,1,0,0,0,0,fragile,9368,frame dates vibe purpose crowd ready,,
t24,baseline,offline,ok,14,14,0,9,0,0,0,0,0,0.0,0,0,0,0,0.4,8,1,0,0,0,1,fragile,2055,,,
t24,brief,offline,ok,5,4,1,7,1,2,0,5,0,0.25,0,0,0,0,0.5,0,0,1,0,1,0,,10386,companions clarify:ăn uống purpose ready,348,plan not ok: no_valid_variant
t25,tapper,offline,ok,6,6,0,7,0,3,0,3,4,0.167,0,0,0,0,0.5,7,1,0,0,0,2,fragile,6147,frame dates vibe purpose crowd ready,,
t25,baseline,offline,ok,14,14,0,13,0,0,0,0,0,0.0,0,0,0,0,0.2,8,1,0,0,0,0,fragile,797,,,
t25,brief,offline,ok,5,4,1,8,0,6,0,2,0,0.5,0,0,0,0,0.5,8,1,1,0,1,2,feasible,10585,clarify:ăn uống purpose crowd ready,1917,
t26,tapper,offline,ok,5,5,0,4,0,7,0,1,3,0.0,0,0,0,0,0.0,7,1,0,0,0,0,fragile,5711,frame c_effort policy:long_walk dates ready,,
t26,baseline,offline,ok,14,14,0,13,0,0,0,0,0,0.0,0,0,0,0,0.667,13,1,0,0,0,0,fragile,1064,,,
t26,brief,offline,ok,8,7,1,11,0,3,0,1,0,0.286,0,0,0,0,0.0,6,1,1,0,2,0,feasible,7552,companions c_effort policy:long_walk clarify:chill clarify:ăn uống show_first ready,353,
t27,tapper,offline,ok,5,5,0,5,0,5,0,1,2,0.0,0,0,0,0,0.0,5,1,0,0,0,0,feasible,9221,frame c_effort policy:long_walk dates ready,,
t27,baseline,offline,ok,14,14,0,11,0,0,0,0,0,0.0,0,0,0,0,0.286,10,1,0,0,0,0,fragile,2481,,,
t27,brief,offline,ok,10,9,1,7,1,4,0,1,0,0.333,0,0,0,0,0.167,9,1,1,0,3,0,feasible,8374,c_other companions c_effort policy:long_walk clarify:chill clarify:văn hóa show_first clarify:ẩm thực ready,1175,
t28,tapper,offline,ok,7,7,0,4,0,6,0,2,3,0.143,0,0,0,0,0.25,8,1,0,0,0,0,feasible,8090,frame c_effort policy:steep_or_stairs policy:long_walk days dates ready,,
t28,baseline,offline,ok,14,14,0,12,0,0,0,0,0,0.0,0,0,0,0,0.333,17,1,0,0,0,0,fragile,20274,,,
t28,brief,offline,ok,6,5,1,8,1,4,0,0,0,0.2,0,0,0,0,0.417,21,1,1,0,1,0,feasible,39635,c_effort policy:steep_or_stairs policy:long_walk clarify:chill ready,294,
t29,tapper,offline,ok,6,6,0,7,0,3,0,3,5,0.0,0,0,0,0,0.5,14,1,0,0,0,0,fragile,11279,frame dates vibe purpose crowd ready,,
t29,baseline,offline,ok,14,14,0,14,0,0,0,0,0,0.0,0,0,0,0,0.167,11,1,0,0,0,0,feasible,2365,,,
t29,brief,offline,ok,6,5,1,6,2,7,0,4,0,0.2,0,0,0,0,0.5,13,1,1,0,1,0,fragile,11332,companions clarify:ăn uống purpose crowd ready,752,
t30,tapper,offline,ok,7,7,0,5,1,3,0,2,5,0.143,0,0,0,0,0.25,0,0,0,0,0,0,,4301,frame days dates vibe purpose crowd ready,,plan not ok: no_valid_variant
t30,baseline,offline,ok,14,14,0,13,0,0,0,0,0,0.0,0,0,0,0,0.167,12,1,0,0,0,0,fragile,5189,,,
t30,brief,offline,ok,5,4,1,10,1,3,0,1,0,0.25,0,0,0,0,0.083,0,0,1,0,1,0,,10652,clarify:ăn uống purpose crowd ready,315,plan not ok: no_valid_variant
t31,tapper,offline,ok,6,6,0,5,0,5,0,1,3,0.0,0,0,0,0,0.167,7,1,0,0,0,0,fragile,10082,frame c_effort policy:steep_or_stairs policy:long_walk dates ready,,
t31,baseline,offline,ok,14,14,0,12,0,0,0,0,0,0.0,0,0,0,0,0.167,10,1,0,0,0,0,fragile,820,,,
t31,brief,offline,ok,5,4,1,6,0,7,0,1,0,0.0,0,0,0,0,0.333,12,1,1,0,0,0,fragile,6697,c_effort policy:steep_or_stairs policy:long_walk ready,296,
t32,tapper,offline,ok,6,6,0,5,0,8,0,2,3,0.0,0,0,0,0,0.333,9,1,0,0,0,0,feasible,10571,frame c_effort policy:steep_or_stairs policy:long_walk dates ready,,
t32,baseline,offline,ok,14,14,0,15,0,0,0,0,0,0.0,0,0,0,0,0.333,10,1,0,0,0,0,fragile,910,,,
t32,brief,offline,ok,9,8,1,10,0,6,0,1,0,0.25,0,0,0,0,0.333,10,1,1,0,2,0,fragile,7796,c_effort c_other policy:steep_or_stairs policy:long_walk clarify:chill clarify:ăn uống show_first ready,1654,
t33,tapper,offline,ok,5,5,0,6,0,1,0,1,3,0.2,0,0,0,0,0.375,17,1,0,0,0,0,fragile,11916,frame dates purpose crowd ready,,
t33,baseline,offline,ok,14,14,0,9,0,0,0,0,0,0.0,0,0,0,0,0.5,17,1,0,0,0,1,fragile,1991,,,
t33,brief,offline,ok,7,6,1,6,1,3,0,1,0,0.5,0,0,0,0,0.375,16,1,1,0,2,0,fragile,12343,clarify:chill clarify:ăn uống show_first purpose crowd ready,683,
t34,tapper,offline,ok,6,6,0,7,0,2,0,4,3,0.0,0,0,0,0,0.5,9,1,0,0,0,2,fragile,8223,frame dates vibe purpose crowd ready,,
t34,baseline,offline,ok,14,14,0,11,0,0,0,0,0,0.0,0,0,0,0,0.333,9,1,0,0,0,1,fragile,739,,,
t34,brief,offline,ok,7,6,1,7,2,3,0,3,0,0.5,0,0,0,0,0.333,6,1,1,0,3,1,fragile,7067,clarify:chill clarify:văn hóa show_first clarify:ăn uống purpose ready,982,
t35,tapper,offline,ok,8,8,0,7,0,1,0,4,4,0.125,0,0,0,0,0.0,5,1,0,0,0,1,fragile,8116,frame c_effort days dates vibe purpose crowd ready,,
t35,baseline,offline,ok,14,14,0,11,0,0,0,0,0,0.0,0,0,0,0,0.0,5,1,0,0,0,1,solid,307,,,
t35,brief,offline,ok,10,9,1,6,1,5,0,4,0,0.333,0,0,0,0,0.0,5,1,1,0,2,1,solid,5272,days companions c_effort clarify:thư giãn clarify:ăn uống show_first purpose crowd ready,515,
t36,tapper,offline,ok,6,6,0,7,0,2,0,2,7,0.0,0,0,2,5,0.0,8,1,0,0,0,0,fragile,9697,frame dates vibe purpose crowd ready,,
t36,baseline,offline,ok,14,14,0,15,0,0,0,0,0,0.0,0,0,0,0,0.571,0,0,0,0,0,0,,1109,,,plan not ok: no_valid_variant
t36,brief,offline,ok,8,7,1,9,0,7,0,2,0,0.286,0,2,0,5,0.0,0,0,1,0,2,0,,7360,c_other clarify:thư giãn clarify:ăn uống show_first purpose crowd ready,652,plan not ok: no_valid_variant
t37,tapper,offline,ok,5,5,0,4,0,7,0,1,4,0.0,0,0,0,0,0.0,7,1,0,0,0,0,feasible,8539,frame c_effort policy:long_walk dates ready,,
t37,baseline,offline,ok,14,14,0,14,0,0,0,0,0,0.0,0,0,0,0,0.5,0,0,0,0,0,1,,1390,,,plan not ok: no_valid_variant
t37,brief,offline,ok,9,8,1,8,0,7,0,0,0,0.375,0,0,0,0,0.333,11,1,1,0,3,0,fragile,7274,c_effort policy:long_walk dates clarify:chill clarify:văn hóa show_first clarify:ăn uống ready,182,
t38,tapper,offline,ok,6,6,0,7,0,2,0,3,5,0.0,0,0,0,0,0.333,8,1,0,0,0,1,fragile,9173,frame dates vibe purpose crowd ready,,
t38,baseline,offline,ok,14,14,0,13,0,0,0,0,0,0.0,0,0,0,0,0.0,0,0,0,0,0,1,,1010,,,plan not ok: no_valid_variant
t38,brief,offline,ok,7,6,1,8,0,6,0,2,0,0.333,0,0,0,0,0.5,8,1,1,0,2,2,solid,8239,clarify:chill clarify:ăn uống show_first purpose crowd ready,1484,
t39,tapper,offline,ok,7,7,0,6,0,2,0,5,3,0.0,0,0,1,0,0.125,14,1,0,0,0,0,fragile,13026,frame c_effort dates vibe purpose crowd ready,,
t39,baseline,offline,ok,14,14,0,10,0,0,0,0,0,0.0,0,0,0,0,0.25,11,1,0,0,0,0,fragile,1436,,,
t39,brief,offline,ok,8,7,1,8,1,2,0,4,0,0.143,0,0,0,0,0.375,11,1,1,0,1,0,fragile,7063,c_other companions c_effort dates clarify:ăn uống purpose ready,996,
t40,tapper,offline,ok,7,7,0,5,0,2,0,1,4,0.286,0,0,1,0,0.5,12,1,0,0,0,0,fragile,13154,frame dates vibe purpose crowd show_first ready,,
t40,baseline,offline,ok,14,14,0,11,0,0,0,0,0,0.0,0,0,0,0,0.125,7,1,0,0,0,0,fragile,1370,,,
t40,brief,offline,ok,8,7,1,9,0,2,0,2,0,0.429,0,0,0,0,0.25,9,1,1,0,2,0,fragile,9743,c_other companions clarify:thư giãn clarify:ăn uống show_first purpose ready,1068,
